simulation_ms,build_ms,render_thread_ms,total_ms,commands
2.4715,3.8438,0.0772,6.5827,7
2.0573,3.6593,0.0894,6.0377,7
1.9748,3.9229,0.2414,6.6604,7
1.8192,3.4302,0.0797,5.5447,7
2.2175,4.0997,0.1032,6.707,7
2.1389,4.3103,0.0605,6.7145,7
1.8037,4.1506,0.0728,6.2634,7
1.6747,3.9544,0.0574,5.8637,7
1.6022,5.1064,0.0888,6.9964,7
1.2974,3.6175,0.096,5.7622,7
1.3346,3.5431,0.0519,5.1741,7
1.202,3.3815,0.0588,4.8675,7
1.4341,3.7294,0.0707,5.5244,7
1.3856,3.5618,0.0524,5.1934,7
1.0939,3.4556,0.0549,4.8315,7
1.1907,3.7309,0.1117,5.2563,7
1.2888,3.6996,0.0732,5.5194,7
1.1173,3.1432,0.0892,4.593,7
1.1841,3.2752,0.1715,4.8873,7
1.2585,3.4192,0.0538,4.8618,7
1.3201,3.5323,0.0552,5.2092,7
1.6092,3.5782,0.1376,5.8118,7
1.4916,3.4958,0.0757,5.3001,7
1.529,3.741,0.0812,5.59,7
1.7911,3.7581,0.0577,5.7575,7
2.0481,3.9477,0.0828,6.2858,7
2.3692,3.9858,0.8537,7.7683,7
1.9597,3.7949,0.145,6.3535,7
1.9543,3.7157,0.0532,5.8965,7
1.6786,3.7388,0.0624,5.6304,7
1.5911,3.5182,0.0539,5.4202,7
1.4673,3.5241,0.0467,5.2482,7
1.5947,3.9649,0.0866,5.8562,7
1.3619,3.7256,0.0879,5.4018,7
1.2751,3.646,0.0933,5.4422,7
1.2699,3.6851,0.0565,5.1611,7
1.203,3.5191,0.0513,4.9166,7
1.2273,3.4616,0.06,4.923,7
1.0183,3.7935,0.0564,5.0874,7
1.2166,3.6627,0.1155,5.2218,7
1.2445,4.6973,0.0644,6.303,7
1.116,3.3928,0.1057,4.9288,7
1.1974,3.5971,0.0567,5.041,7
1.3067,3.6571,0.0808,5.23,7
1.3233,3.6208,0.122,5.2199,7
1.4925,3.5872,0.0804,5.3926,7
1.826,4.1684,0.0878,6.4586,7
1.9132,4.19,0.0861,6.4222,7
1.9766,4.1641,0.093,6.4505,7
1.947,3.813,0.0496,6.0287,7
2.0428,3.6807,0.0683,6.0025,7
2.3924,3.7126,0.0968,6.4475,7
2.1783,3.857,0.1145,6.4408,7
2.6908,4,0.0581,6.9826,7
2.4051,4.0849,0.0568,6.6989,7
3.7963,4.1618,0.128,8.4092,7
2.7082,3.7799,0.0538,6.7177,7
2.4215,3.627,0.1097,6.6292,7
2.4354,3.5788,0.056,6.2637,7
2.2545,3.6101,0.0707,6.2404,7
2.3868,3.5819,0.0672,6.2091,7
1.9936,3.9887,0.1145,6.4241,7
2.5135,4.3376,0.0611,7.1131,7
1.966,4.093,0.1381,6.5483,7
2.2767,4.3134,0.3915,7.2948,7
2.3147,4.1495,0.1325,6.8755,7
1.8961,3.8887,0.1341,6.3191,7
1.6883,4.0298,0.1408,6.103,7
1.617,4.2979,0.0681,6.1781,7
1.6517,4.2284,0.0811,6.1469,7
1.6604,4.1605,0.0672,6.1465,7
1.4224,4.2155,0.1115,6.017,7
1.4972,4.3089,0.0629,6.1396,7
1.4223,4.8263,0.0743,6.5126,7
1.3077,4.6143,0.0868,6.2821,7
1.4878,4.0831,0.0488,5.7814,7
1.2947,3.9451,0.0885,5.6345,7
1.3073,3.8889,0.0823,5.4899,7
1.2234,3.7708,0.1232,5.3909,7
1.4949,4.3517,0.0692,6.2325,7
1.3768,3.6932,0.052,5.3853,7
1.6072,3.7535,0.0591,5.5675,7
1.6375,3.8268,0.1042,5.8426,7
1.7456,3.891,0.0654,6.1074,7
2.17,4.257,0.0658,6.7542,7
